,Names,review,cleaned_data
0,MihaVrhunc,"Every once in a while a movie comes, that truly makes an impact. Joaquin's performance and scenography in all it's brilliance. Grotesque, haunting and cringy. Hard to watch at times,... but so mesmerizing, you won't blink an eye watching it. Tragic, but with seriously funny moments. Emotional rollercoaster - sometimes, with multiple emotions popping-up at the same time.

this is far from a typical action-riddled predictable super-hero movie - it's a proper psychological thriller/drama, with the single best character development I have ever seen.",every movie comes truly makes impact joaquins performance scenography brilliance grotesque haunting cringy hard watch times mesmerizing wont blink eye watching tragic seriously funny moments emotional rollercoaster sometimes multiple emotions poppingup timethis far typical actionriddled predictable superhero movie proper psychological thrillerdrama single best character development ever seen
1,lesterarnoldpinto,"This is a movie that only those who have felt alone and isolated can truly relate to it. You understand the motive and you feel sorry for the character. A lot of people will see this movie and think that it encourages violence. But truly, this movie should encourage each and every one of us to become a better person, treat everyone with respect and make each other feel like they belong in this world, instead of making them feel isolated.",movie felt alone isolated truly relate understand motive feel sorry character lot people see movie think encourages violence truly movie encourage every one us become better person treat everyone respect make feel like belong world instead making feel isolated
2,Aman_Goyal,"Truly a masterpiece, The Best Hollywood film of 2019, one of the Best films of the decade... And truly the Best film to bring a comic book so chillingly and realistically to real ife. Remarkable Direction, Cinematography, Music and the Acting. Some people are surprised to find it DISTURBING and VIOLENT, but it's a necessity and message. It's about society and reflects those underappreciated/unrecognized/bullied people, proving they can do something too. The way it shows class difference, corruption and how rich and talented rule others around them is not exaggerated and that's what makes it different. It's BELIEVABLE. There could be multiple JOKERs living in our society that could shake those around them in much bitter way than the film shows making people uncomforting people. Consider this a wake up call, a message, but first a film. A PERFECT film.",truly masterpiece best hollywood film 2019 one best films decade truly best film bring comic book chillingly realistically real ife remarkable direction cinematography music acting people surprised find disturbing violent necessity message society reflects underappreciatedunrecognizedbullied people proving something way shows class difference corruption rich talented rule others around exaggerated thats makes different believable could multiple jokers living society could shake around much bitter way film shows making people uncomforting people consider wake call message first film perfect film
3,logical_guy,"Joaquin Phoenix gives a tour de force performance, fearless and stunning in its emotional depth and physicality. It's impossible to talk about this without referencing Heath Ledger's Oscar-winning performance from The Dark Knight, widely considered the definitive live-action portrayal of the Joker, so let's talk about it. The fact is, everyone is going to be stunned by what Phoenix accomplishes, because it's what many thought impossible - a portrayal that matches and potentially exceeds that of The Dark Knight's Clown Prince of Crime",joaquin phoenix gives tour de force performance fearless stunning emotional depth physicality impossible talk without referencing heath ledgers oscarwinning performance dark knight widely considered definitive liveaction portrayal joker lets talk fact everyone going stunned phoenix accomplishes many thought impossible portrayal matches potentially exceeds dark knights clown prince crime
4,kdagoulis26,"Most of the time movies are anticipated like this they end up falling short, way short. Joker is the first time I was more than happy with the hype. Please ignore the complaints of ""pernicious violence"" as they are embarrassing to say the least. We haven't seen a comic movie this real before. If we ever ""deserved"" a better class of criminal - Phillips and Phoenix have delivered. This is dark, Joker IS dark and you will fall in love with the villain as you should. The bad guys are always more romantic anyway.",time movies anticipated like end falling short way short joker first time happy hype please ignore complaints pernicious violence embarrassing say least havent seen comic movie real ever deserved better class criminal phillips phoenix delivered dark joker dark fall love villain bad guys always romantic anyway
5,VallejoDiego,"Let me start off by saying if Joaquin Phoneix doesn't get his Oscar for this movie. Then the Oscars should be cancelled. Phoneix is amazing as you might've heard from every review ever! But Todd Phillips. Is at his best here. The story lines he takes and visuals are just breathtaking. The score!! Omg the Score! Every time that score came on, I felt very uncomfortable, like something horrible was about to happen. It was GREAT. The Inspirations from Taxi Driver and King of Comedy are there, and add so much for the movie. And I got to be honest. There are scenes that are very violent. And its disturbing. But I honestly expected it to be WAYYYY more violent from all the controversy going on. Overall this movie was GREAT. Come Oscar season, it needs to be nominated for Best Picture, ScreenPlay, Cinematography, Actor, Score and Director",let start saying joaquin phoneix doesnt get oscar movie oscars cancelled phoneix amazing mightve heard every review ever todd phillips best story lines takes visuals breathtaking score omg score every time score came felt uncomfortable like something horrible happen great inspirations taxi driver king comedy add much movie got honest scenes violent disturbing honestly expected wayyyy violent controversy going overall movie great come oscar season needs nominated best picture screenplay cinematography actor score director
6,mariamelkott,"I get why some people hate this . It's because of the political message and how some people think that you need get empathy for Arthur's madness. But come on that is not the point and it will never be. Enjoy this masterpiece because Joaquin Phoenix and Todd Phillips overdid themselves with this movie . The acting,music and cinematography are just amazing ! Please enjoy the movie without overthinking it.",get people hate political message people think need get empathy arthurs madness come point never enjoy masterpiece joaquin phoenix todd phillips overdid movie actingmusic cinematography amazing please enjoy movie without overthinking
7,t-viktor212,"I have seen Joker yesterday at Venice an early ill-fated screening. We had some trouble with audio that lead to a near-hour delay, but it definitely was worth it.

Joker deserved to be presented at Venice Film Festival, an event that regards cinema as a form of art, because this film is far from a blockbuster or a mere entertainer movie, as most films in the genre are.

It focuses on the psyche of the main character, as it slowly crumbles under the pressure of society. And thus, Joaquin Phoenix does a wonderful performance, earning almost surely a nomination at the oscars at least. It's a take on the Joker that differs from Ledger's, but I'd say that both are equally as good. The main difference might be that Ledger's joker is a rational that acts insane, while Phoenix's is insane to the root.

Despite being a movie about a superhero villain, Joker is much superior to most of the movies of the genre (I'd exclude the Dark Knight Trilogy only, but Joker is easily as good as Nolan's movies, or at least very close). It is a small-scaled film, with a distinct style and cinematography (that cannot but be appreciated) and a set of very cinephile references that however do not feel too forced or overly opressive. (most notable are the similarities to Scorsese's 'Taxi Driver' and his 'The King of Comedy', but also Chaplin's 'Modern Times' is somewhat referenced).

I am eager to see more non-comedic efforts by Todd Phillips. This movie was so far probably the best of 2019 (at worst contested so far only by Dolor Y Gloria or Once Upon a Time in Hollywood), and that should be very convincing.",seen joker yesterday venice early illfated screening trouble audio lead nearhour delay definitely worth itjoker deserved presented venice film festival event regards cinema form art film far blockbuster mere entertainer movie films genre areit focuses psyche main character slowly crumbles pressure society thus joaquin phoenix wonderful performance earning almost surely nomination oscars least take joker differs ledgers id say equally good main difference might ledgers joker rational acts insane phoenixs insane rootdespite movie superhero villain joker much superior movies genre id exclude dark knight trilogy joker easily good nolans movies least close smallscaled film distinct style cinematography cannot appreciated set cinephile references however feel forced overly opressive notable similarities scorseses taxi driver king comedy also chaplins modern times somewhat referencedi eager see noncomedic efforts todd phillips movie far probably best 2019 worst contested far dolor gloria upon time hollywood convincing
8,johnnash-18420,"It's sad that Joaquin missed Oscar for 'The gladiator' as he was very compelling Villain. But I am quite confident he will win it for the 'Joker'. Damn what a movie !!! Keeps u on the toes all the time. Unpredictable storyline and really a deep interesting plot. Did I forget to mention acting ? Damn Do niro and Joaquin teach u what really is 5 star acting. To enjoy this movie, get a wine in your hand, close the curtains, turn of ur cellphones and put do not disturb sign on ur door. Best Dark thriller suspense movie you will get to experience.",sad joaquin missed oscar gladiator compelling villain quite confident win joker damn movie keeps u toes time unpredictable storyline really deep interesting plot forget mention acting damn niro joaquin teach u really 5 star acting enjoy movie get wine hand close curtains turn ur cellphones put disturb sign ur door best dark thriller suspense movie get experience
9,pavao-radic22,,
10,davestroud-76036,"This movie causes the audience to consider many topics on morality, particularly the poor choices made by the Joker. The Joker is more relatable in this movie than antagonists usually are. I think this gives a more realistic view of ""bad"" people, who are not usually 100% bad in all ways as society often judges. It is important to know when to sympathize with the Joker (towards the beginning of the movie), and when he needs to be identified as a threat (when he begins making certain bad choices). This movie is only suitable for adults who are willing to pick it apart and think critically about it. It isn't for light amusement. That substance is what makes it so good.

If you aren't able to ponder underlying themes on your own, and you have to be handed all your thoughts to you, then this isn't the best movie for you.",movie causes audience consider many topics morality particularly poor choices made joker joker relatable movie antagonists usually think gives realistic view bad people usually 100 bad ways society often judges important know sympathize joker towards beginning movie needs identified threat begins making certain bad choices movie suitable adults willing pick apart think critically isnt light amusement substance makes goodif arent able ponder underlying themes handed thoughts isnt best movie
11,link9933,"The acting, cinematography, sound design, and the script itself is phenomenal. This movie is a triumph. Joaquin Pheonix deserves an Oscar win for this tbh.",acting cinematography sound design script phenomenal movie triumph joaquin pheonix deserves oscar win tbh
12,burkholdermicah,"Need I say more? Everything about this Movie is Masterful in every single way! Joker isn't just an awesome comic book movie, it's an awesome movie, period. It offers no easy answers to the unsettling questions it raises about a cruel society in decline. Joaquin Phoenix's fully committed performance and Todd Phillips' masterful albeit loose reinvention of the DC source material make Joker a film that should leave comic book fans and non-fans alike disturbed and moved in all the right ways.",need say everything movie masterful every single way joker isnt awesome comic book movie awesome movie period offers easy answers unsettling questions raises cruel society decline joaquin phoenixs fully committed performance todd phillips masterful albeit loose reinvention dc source material make joker film leave comic book fans nonfans alike disturbed moved right ways
13,issrafeel,I will stop watching movies if Joaquin Phoenix is not awarded Oscar for his tremendous acting.,stop watching movies joaquin phoenix awarded oscar tremendous acting
14,jennifer_camp28,"I quit relying on critic reviews years ago... I noticed for this movie that the critics ratings were low but viewer ratings were high. That being said, what is the point of a critic when for this movie, they are oh so wrong. I went and saw this tonite with my mom. I went in skeptical and w some what low expectations. I knew not to expect your typical super hero movie. What we got was a masterpiece. I went in expecting sheer boredom and I was instead on the edge of my seat the whole time. Not action edge of your seat, it was a fear of what he may do or say next edge of your seat. To see this character evolve into what we all know as the #1 villain of Batman was beyond genius and Joaquin Phoenix is a true master at perfecting the art of consuming himself into this character. I may be all over the place with this but I don't care. This movie, the story, the acting, directing, effects, everyone brought their A game and JP definitely deserves a nod and win for this role. And no, there is no comparison here to Jack Nicholson or Heath Ledger. Each actor took on this character and different levels, different story points and different points in time, so any comparison would just not be feasible or fair to any of the actors as they embraced him and made him come to life in their own genius way!",quit relying critic reviews years ago noticed movie critics ratings low viewer ratings high said point critic movie oh wrong went saw tonite mom went skeptical w low expectations knew expect typical super hero movie got masterpiece went expecting sheer boredom instead edge seat whole time action edge seat fear may say next edge seat see character evolve know 1 villain batman beyond genius joaquin phoenix true master perfecting art consuming character may place dont care movie story acting directing effects everyone brought game jp definitely deserves nod win role comparison jack nicholson heath ledger actor took character different levels different story points different points time comparison would feasible fair actors embraced made come life genius way
15,j_bone-43816,"Joaquin Phoenix gives Heath Ledger a run for his money, true story. This is not a popcorn fluff comic book flick. DO NOT TAKE YOUR KIDS TO SEE THIS MOVIE. Shut down all ballots for the Oscar, Joaquin is taking that one home hands down. One of the best origin stories EVER put out. The only downside to this movie, is that it is a stand alone film that will have no sequels or ties to the DC Universe. Todd Philips take on the Joker is one of pure brilliance and Joaquin Phoenix was the Joker we deserved. He didn't steal from Jack or Heath but yet you got a taste of both.",joaquin phoenix gives heath ledger run money true story popcorn fluff comic book flick take kids see movie shut ballots oscar joaquin taking one home hands one best origin stories ever put downside movie stand alone film sequels ties dc universe todd philips take joker one pure brilliance joaquin phoenix joker deserved didnt steal jack heath yet got taste
16,seekingthelight,,
17,ruteratssssss,,
18,timdutton-06252,If I could write just one word and say no more I'd say perfection!,could write one word say id say perfection
19,ahakimshashaa,"The music. The intense. The realism. The performance. The story. Such a perfect combination of everything. I never felt that a character like joker could be real until I saw this. Phoenix shows us what a joker is in our society and shows us how power can be obtained. Philips on the other hand had the perfect choice of music, camera angles, lighting and every important factor. Overall, I did not expect the story to be this perfect. Too many shocking turns happened and it really does represent today's society. If I was in the first screening, I would have applauded for 80 min not 8.",music intense realism performance story perfect combination everything never felt character like joker could real saw phoenix shows us joker society shows us power obtained philips hand perfect choice music camera angles lighting every important factor overall expect story perfect many shocking turns happened really represent todays society first screening would applauded 80 min 8
20,andymaranam,"The perfect portrait of a decline to insanity"" & Joaquin Phoenix portrays this flawlessly in a performance of a lifetime. Choreographed impeccably by Todd Phillips & is nothing short of breathtaking. The cinematography & backdrop ideology of such an original film for such a complex character is only complimented by the superb soundtrack & acting. A hauntingly beautiful film & A Definate 10/10. Edit: Bring on part 2 plssssss!. We all want it!.",perfect portrait decline insanity joaquin phoenix portrays flawlessly performance lifetime choreographed impeccably todd phillips nothing short breathtaking cinematography backdrop ideology original film complex character complimented superb soundtrack acting hauntingly beautiful film definate 1010 edit bring part 2 plssssss want
21,colimexadrian,"Phoenix convinces me that he has always meant to be the joker. The movie went beyond my expectations, so many emotions went through me these couple hours. I think because its rated R, Phoenix was able to unlock jokers full psychotic potential as the character he is meant to be. This was an AMAZING story, and it calls for more. And I mean a build up, a second movie, maybe one with batman? My hopes are too high at this point, but nevertheless, brilliant goddamn movie and THE BEST joker ever played hands down.",phoenix convinces always meant joker movie went beyond expectations many emotions went couple hours think rated r phoenix able unlock jokers full psychotic potential character meant amazing story calls mean build second movie maybe one batman hopes high point nevertheless brilliant goddamn movie best joker ever played hands
22,diorboeyoung,"The pool does not need the money. They need the dignity and respect, coz that is what it takes to be a human. If you don't have that, money will only be a reminder of them being a ""good boy"". Like some politicians, they feel so frustrated when people from the lower class does not accept their funding champions. In this movie, through joker's life, I begin to get it.",pool need money need dignity respect coz takes human dont money reminder good boy like politicians feel frustrated people lower class accept funding champions movie jokers life begin get
23,prasadraokodasu,"10/10 Amazing story, Brilliant taking, magnificent cinematography. Someone had to step out of the safe game played by Superhero movies and Joker movie does just that (also The Boys). Movie is gritty, real, insanely dark and sometime quite disturbing to people who don't want accept what's shown in the movie is a terrible reality we face everyday if refused a proper care. Normally people start to compare the movie with one of the greatest like The Dark Knight and in acting wise to that of Heath ledger's Potrayal of joker. I wouldn't say this movie is better that that or otherwise , but it will stand tall amongst the greatest like The Godfather, Taxi Driver, Citizen Kane, The Dark Knight. Coming to the inevitable comparison of who's the better Joker? Heath or Joaquin. The answer is Both did a phenomenal job and the Joker character itself is fortunate to have being played by two greatest actors. Definitely a top contender for Oscars. I personally think it would take away 1.Best Actor 2.Cinematography 3.Original score and if Once Upon a time in Hollywood loses in Make-up and hairstyling category it would definitely be to The Joker.",1010 amazing story brilliant taking magnificent cinematography someone step safe game played superhero movies joker movie also boys movie gritty real insanely dark sometime quite disturbing people dont want accept whats shown movie terrible reality face everyday refused proper care normally people start compare movie one greatest like dark knight acting wise heath ledgers potrayal joker wouldnt say movie better otherwise stand tall amongst greatest like godfather taxi driver citizen kane dark knight coming inevitable comparison whos better joker heath joaquin answer phenomenal job joker character fortunate played two greatest actors definitely top contender oscars personally think would take away 1best actor 2cinematography 3original score upon time hollywood loses makeup hairstyling category would definitely joker
24,ahmetkozan,"Joaquin' portrayal of a sociopathic, mentally unstable man's transformation to the iconic Joker was non other than a grippingly accurate, realistic and touching rendition. A dark and disturbing character piece led by an Oscar worthy performance by Joaquin Phoenix. You really do feel bad for this guy, which makes it all the more heartbreaking when he inevitably becomes the clown prince of crime we all know and love, although we've never seen him like this. We see him suffer throughout the movie to the point we're almost rooting for himk to become a mass murdering psyco clown, because that at least will make feel better; then it happens and we just wish this could have all just been avoided, because es so messed up. We feel for him and care about him. By the time he's the joker, we wish we could've helped him. There's a lot of great nods to the greater Batman universe, yet the movie is a self contained character piece. That can only be the mark of a great movie. All the acting is great, the plot (while similar to Taxi Driver) is brilliant and the quality of the movie shows you don't need CGI super powers to be a great villain in a Superhero movie. Is a joke not everyone gets. This movie is ""the rise of the Joker!"" 10/10",joaquin portrayal sociopathic mentally unstable mans transformation iconic joker non grippingly accurate realistic touching rendition dark disturbing character piece led oscar worthy performance joaquin phoenix really feel bad guy makes heartbreaking inevitably becomes clown prince crime know love although weve never seen like see suffer throughout movie point almost rooting himk become mass murdering psyco clown least make feel better happens wish could avoided es messed feel care time hes joker wish couldve helped theres lot great nods greater batman universe yet movie self contained character piece mark great movie acting great plot similar taxi driver brilliant quality movie shows dont need cgi super powers great villain superhero movie joke everyone gets movie rise joker 1010
25,dariafa,"One of the best movies in these few years and 100% Oscar worthy

Joaquin Phoenix delivers one of the best performances I've ever scene",one best movies years 100 oscar worthyjoaquin phoenix delivers one best performances ive ever scene
26,noahbarber-35968,"Seriously, unbelievable. Dare I say better than Heath Ledger? If Joaquin Phoenix doesn't win the Oscar for best actor and 'Joker' doesn't win at the VERY least, best screenplay, it will be one of the biggest Oscar snubs of our time",seriously unbelievable dare say better heath ledger joaquin phoenix doesnt win oscar best actor joker doesnt win least best screenplay one biggest oscar snubs time
27,fitchbuster,"While the trailers for this movie have may seemed like there was potential for an action packed movie, this movie, clearly before it came to theaters was intended to be a progressive character study. You shouldn't go into this movie expecting intense action or the joker we know of the past. This is a movie about how Arthur Fleck becomes the Joker.

I have seen so many bad reviews about how boring or slow the movie is, but I believe it was utter perfection. The first part of the movie we begin to understand Arthur as a person. All of his interactions with everyone in his life, be it good or bad. The whole point of a character study is evolution. And this is far and away one of the greatest evolutions of a character I have ever seen in a movie.

Joaquin Phoenix's performance is by far the best acting I have seen in a movie possibly in the last few decades. We see a challenged person be challenged by society and it completely breaks him down over time. And Joaquin isn't acting, he is evolving all throughout the movie. If anyone thinks he doesn't put on an Oscar winning performance, they're out of their effing mind. Yes, the movie is slow to start, but it has to be. We couldn't just jump into the joker and all the chaos. We need to know where it came from to begin with.

The whole compilation of the movie is amazing. The complete Oscar deserving performance of Joaquin, the choreography, the cinematography, the score. Everything is in perfect harmony. While there may have been a lot of controversy surrounding this movie, the team put together a perfect movie and I pity those who can't appreciate the tears and sweat and emotion that went into making this movie.

I have always been so one sided in my movie preferences between Marvel and DC. I feel like Marvel is sooo much better overall and most movies DC puts out are trash. But Joker is far and away my favorite comic movie. Even though it takes a completely different spin on comic movies. You have to appreciate the evolution to appreciate this movie. It's not an action movie, but it's really rips and tears at all the emotions in one movie while adding a wild suspenseful kick. No other comic book movie has done that before.",trailers movie may seemed like potential action packed movie movie clearly came theaters intended progressive character study shouldnt go movie expecting intense action joker know past movie arthur fleck becomes jokeri seen many bad reviews boring slow movie believe utter perfection first part movie begin understand arthur person interactions everyone life good bad whole point character study evolution far away one greatest evolutions character ever seen moviejoaquin phoenixs performance far best acting seen movie possibly last decades see challenged person challenged society completely breaks time joaquin isnt acting evolving throughout movie anyone thinks doesnt put oscar winning performance theyre effing mind yes movie slow start couldnt jump joker chaos need know came begin withthe whole compilation movie amazing complete oscar deserving performance joaquin choreography cinematography score everything perfect harmony may lot controversy surrounding movie team put together perfect movie pity cant appreciate tears sweat emotion went making moviei always one sided movie preferences marvel dc feel like marvel sooo much better overall movies dc puts trash joker far away favorite comic movie even though takes completely different spin comic movies appreciate evolution appreciate movie action movie really rips tears emotions one movie adding wild suspenseful kick comic book movie done
28,Sinbaddylad,"What an incredible ride this was. I was almost motionless throughout, watching in awe the performance of a lifetime - the transition from troubled man to monster, the hounding score which directly drove the goosebumps, the cinematography which made you feel like you were flying through Gotham looking for Arthur yourself and the masterful De Niro who gave his nod to Jerry Lewis. Ignore DC. Ignore Batman. This is a work of art in its own right.",incredible ride almost motionless throughout watching awe performance lifetime transition troubled man monster hounding score directly drove goosebumps cinematography made feel like flying gotham looking arthur masterful de niro gave nod jerry lewis ignore dc ignore batman work art right
29,dayronguarnizo,"Masterpiece, one of the best films of the decade, it has it all, acting, directing, setting, photography, soundtrack, in a few years this film will be a cult one.",masterpiece one best films decade acting directing setting photography soundtrack years film cult one
30,mrunalshikharerocks,"Joker is literally an achievement in cinematic history there's no doubt in that ! But why people comparing it with Endgame ? Both movies have their own ways and they are completely different. Endgame was the best at its genre. Talking about Joker ... What can I say ... A beautiful presentation of storyline , direction , screenplay was all at its peak of greatness ... Heath ledger smiling down to earth :)",joker literally achievement cinematic history theres doubt people comparing endgame movies ways completely different endgame best genre talking joker say beautiful presentation storyline direction screenplay peak greatness heath ledger smiling earth
31,lilfin007,"This movie is a masterpiece! It absolutely epitomizes what a DC movie should be. Dark, emotional, thought provoking, not just action action action. One of the best movies I've seen in a long time.

Critics have definitely lost touch with the public and should be ignored on this one. Do yourself a favor and watch it!

And remember to be good to one another. You dont know what someone else is going through.",movie masterpiece absolutely epitomizes dc movie dark emotional thought provoking action action action one best movies ive seen long timecritics definitely lost touch public ignored one favor watch itand remember good one another dont know someone else going
32,alshehhi-94809,Creative actor Joaquin creativity embodied the role of the Joker film deserves more than 10,creative actor joaquin creativity embodied role joker film deserves 10
33,NpMoviez,"DC can STILL give us a compelling movie. Wasn't quite hyped about it, I mean, an origin story of a villain made by the director of Hangover movies; what could I even expect? Then, the reviews started to drop. Still wasn't sure if I would like it. And after I saw it, it was way better than I thought it would be. I won't call it a masterpiece, but it definitely is on my top 3 DC films of all times!

Good : There's hardly anything bad about Joker. Joaquin Phoenix does a great job of bringing the character into life. Rather than a typical superhero/supervillain origin story, we get to see a psychological drama + horror, and thank God, we got that. I love the genre, I love films like Infinity War, Days of Future Past, Endgame and Raimi's Spider-Man. But occasionally, it's really good to take a break from such films. It's, kind of, in the category of films like Unbreakable. Basically, the movie is (no spoilers ahead) Arthur, being tormented by the society and being a mentally unstable loner, loses his mind after the constant torment and after that, all hell breaks loose. That's all the movie shows. It would be quite difficult to give a really good story for a plot like this, since there are many movies with this kind of plot (awfully crappy ones included). I completely liked this movie, means the screenplay and direction worked for me. You can feel for Arthur, whenever the movie asks you to. You want to root for Arthur, but you know that it will mean some incredibly terrible things will happen. We see him slowly transition into Joker, and when he completely turns into the Joker it is worth a round of applause. We feel good as well as terrified with the actions of the Joker whenever he snaps and crazy stuff happens. Without getting into spoilers, I would say - in short - that it has many quotable lines and each of them make sense. Whatever Joker (a psychopath) says is more realistic than what a sane person says. And obviously has some sick, terrifying and gruesome Joker moments that a proper Joker movie should have. If it's not clear by the trailers, there's no Batman here. But (again, no spoilers) it does have some Batman references to support the movie. It could've created a mess and might have felt like a shoehorned plotline, but it plays out as a proper support for the main story and the transition of Arthur into Joker.

Mixed : It is a good thing that the movie has a 70s psycho horror vibe to it. But, it could've been more original. Like many others have pointed out, it's similar to Taxi Driver by Scorsese. While it wasn't a copy and paste of Taxi Driver, but some parts make it obvious that the movie was inspired by Taxi Driver. Not necessarily a bad thing, the movie has the elements as a homage-ish way, but looking at how well made it was, it could've been slightly more original. And, it may feel a bit slow for some people, though it's worth your time.

My take on the controversy : It can happen that some morons might watch this film and cause violence. It can happen with any violent movie. But, even though it justified the Joker's actions, it doesn't show them to be right. Speaking of violence, it's just psychologically compelling horror. It's less violent than Deadpool, but feels more violent as it's a serious movie. So, glorification and siding with a psychopath is a complete and total nonsense.

Conclusion : It's a must watch. You don't need to follow any of the DC movies to understand it. But do not expect it to be a typical superhero action film with CGI battles and a spectacle. Wrong expectations might ruin the experience. Else, I found it to be better than The Dark Knight Rises. And TDKR is one of my favorites in the genre. If a Nolan movie is replaced by another movie in my list, you may consider it to be great. One last thing, people causing violence because of Joker would be equivalent to The Good, The Bad and The Ugly inspiring three people to have a gun duel for some gold.

Rating:

Score : 10/10

Grade : A+",dc still give us compelling movie wasnt quite hyped mean origin story villain made director hangover movies could even expect reviews started drop still wasnt sure would like saw way better thought would wont call masterpiece definitely top 3 dc films timesgood theres hardly anything bad joker joaquin phoenix great job bringing character life rather typical superherosupervillain origin story get see psychological drama horror thank god got love genre love films like infinity war days future past endgame raimis spiderman occasionally really good take break films kind category films like unbreakable basically movie spoilers ahead arthur tormented society mentally unstable loner loses mind constant torment hell breaks loose thats movie shows would quite difficult give really good story plot like since many movies kind plot awfully crappy ones included completely liked movie means screenplay direction worked feel arthur whenever movie asks want root arthur know mean incredibly terrible things happen see slowly transition joker completely turns joker worth round applause feel good well terrified actions joker whenever snaps crazy stuff happens without getting spoilers would say short many quotable lines make sense whatever joker psychopath says realistic sane person says obviously sick terrifying gruesome joker moments proper joker movie clear trailers theres batman spoilers batman references support movie couldve created mess might felt like shoehorned plotline plays proper support main story transition arthur jokermixed good thing movie 70s psycho horror vibe couldve original like many others pointed similar taxi driver scorsese wasnt copy paste taxi driver parts make obvious movie inspired taxi driver necessarily bad thing movie elements homageish way looking well made couldve slightly original may feel bit slow people though worth timemy take controversy happen morons might watch film cause violence happen violent movie even though justified jokers actions doesnt show right speaking violence psychologically compelling horror less violent deadpool feels violent serious movie glorification siding psychopath complete total nonsenseconclusion must watch dont need follow dc movies understand expect typical superhero action film cgi battles spectacle wrong expectations might ruin experience else found better dark knight rises tdkr one favorites genre nolan movie replaced another movie list may consider great one last thing people causing violence joker would equivalent good bad ugly inspiring three people gun duel goldratingscore 1010grade
34,jkibby-91961,,
35,darrenhutchison,"All the silly kids and people masquerading as film buffs and critics, please just go back to watching your happy go lucky rom coms with happy endings. Just sit in your dark room with your keyboard and make as many comments as you like on marvel movies being the best things you've seen. Maybe even give your mother a shout for more meatloaf while you tell us your thoughts on how the best movies are all crap and delve into how profound Donnie darko was. Keyboard warriors always seem to have thee most ridiculous insights and views on movies. To say this movie is boring is a statement I will never get. And overrated? Don't get my started. There have been so much worse than this movie for that, try avatar, titanic, citizen Kane etc. Doesn't make them bad movies (with the exception of avatar) but apparently overrated means crap now. It's a huge movie franchise, of course it will be hyped up! We have another batman coming out already after only a few short years after the last one ffs. Do you think the marvel films or Star Wars will stop because there was an end game and ending to the skywalker saga? Nope. And do you think these movies wouldn't be overrated at some point? This movie DESERVES to be hyped up. Gotham has never looked more like it should as it does in both animation and in the Arkham game series. I would both love and probably hate there to be a sequel if you get my meaning. The joker is intriguing because of his mysterious past and beginnings, I think this was enough and if we did delve any further we would lose that mysteriousness, but you can't help a small part of you wanting to know more. I read one review where the guy watched it as a date night film and said they didn't like its dark nature and were bored. Who the hell watches this as date movie? Maybe a serial killer. Not exactly a movie to get u in the mood is it. Maybe try hostel or I spit on your grave for next week buddy. I should stop reading reviews on here, they just annoy me. It's worse than YouTube almost...",silly kids people masquerading film buffs critics please go back watching happy go lucky rom coms happy endings sit dark room keyboard make many comments like marvel movies best things youve seen maybe even give mother shout meatloaf tell us thoughts best movies crap delve profound donnie darko keyboard warriors always seem thee ridiculous insights views movies say movie boring statement never get overrated dont get started much worse movie try avatar titanic citizen kane etc doesnt make bad movies exception avatar apparently overrated means crap huge movie franchise course hyped another batman coming already short years last one ffs think marvel films star wars stop end game ending skywalker saga nope think movies wouldnt overrated point movie deserves hyped gotham never looked like animation arkham game series would love probably hate sequel get meaning joker intriguing mysterious past beginnings think enough delve would lose mysteriousness cant help small part wanting know read one review guy watched date night film said didnt like dark nature bored hell watches date movie maybe serial killer exactly movie get u mood maybe try hostel spit grave next week buddy stop reading reviews annoy worse youtube almost
36,msaleem_butt,This my first time writing review about any movie here. Joaquin Phonix is a great actor. He perform very good acting. And this movie is one of the best movie this year. I just love it.,first time writing review movie joaquin phonix great actor perform good acting movie one best movie year love
37,lukasvandee,,
38,tommiasikainen,"Amazing character work. Highly enjoyable movie despite the heavy content. Joaquin Phoenix is superb job as Joker. I've always been a big fan of him and I'm so happy that he finally won the academy award that he well and truly deserved.

The writing and Phoenix's is character work as Arthur, who later becomes Joker is tremendous. Author has had an extremely difficult life and he struggles with his mental illness. He ended up committing crimes that definitely makes him a villain, but a villain he audience can sympathize with. It is not a story that encourages violence, but instead, it's a story that describes what kind of events can lead a good person to do horrible things.",amazing character work highly enjoyable movie despite heavy content joaquin phoenix superb job joker ive always big fan im happy finally academy award well truly deservedthe writing phoenixs character work arthur later becomes joker tremendous author extremely difficult life struggles mental illness ended committing crimes definitely makes villain villain audience sympathize story encourages violence instead story describes kind events lead good person horrible things
39,walshj-01468,Dark and very entertaining. Hoping for a joker 2. Would love to see Batman from the view of the joker,dark entertaining hoping joker 2 would love see batman view joker
40,mack_89,"This is a movie for those who likes a dark plot!

The actors are amazing. The story is interesting and you never feel like its boring.

The movie is like a rabbit hole, you just keep running and running but there is no end. It gets deeper and deeper, until you have arrived at the breaking point where he just snaps, and its beautiful.

Thats all i have to say!",movie likes dark plotthe actors amazing story interesting never feel like boringthe movie like rabbit hole keep running running end gets deeper deeper arrived breaking point snaps beautifulthats say
41,oliviadaly-84118,"Joaquin Phoenix plays the role of Joker absolutely amazingly! The music, casting, storyline was perfect and very much enjoyed it. There was even an applause at the end when I watched it at the cinema.",joaquin phoenix plays role joker absolutely amazingly music casting storyline perfect much enjoyed even applause end watched cinema
42,mohamedelsheikh-21710,I found this film perfect the acting the sound track the story and I enjoyed it so much,found film perfect acting sound track story enjoyed much
43,hello-41123,"One of the best movie ever! It's dark, it's beautiful in a dramatic way, it's sad, it's scary... It's just one of the movie that you HAVE TO WATCH at least twice cuz you might missed something the first time!

Of course Joaquin Phoenix is great, so is the director and the custom designer, set designer, the choreographer, the composer and so much more to make this another classic to go down the history!",one best movie ever dark beautiful dramatic way sad scary one movie watch least twice cuz might missed something first timeof course joaquin phoenix great director custom designer set designer choreographer composer much make another classic go history
44,allanmichael30,"I was not a fan of Joaquin Phoneix, but his performance was a career best and his Oscar win a big shock but well deserved. This is the darkest film since American Psycho with a true to characters story that has ever been told. Rejected by mother rejected by society and yet he still smiles. How this film never won best picture is all that's wrong with Oscars and they went with Green book to be safe. Robert de Niro always surprises me how good his acting is. They nominated The film Favorite instead of this film a film where a fat lady gets basted like a turkey and two women fight over right to do it.",fan joaquin phoneix performance career best oscar win big shock well deserved darkest film since american psycho true characters story ever told rejected mother rejected society yet still smiles film never best picture thats wrong oscars went green book safe robert de niro always surprises good acting nominated film favorite instead film film fat lady gets basted like turkey two women fight right
45,andersondavidthomas,"I think it's understandable to see why people wouldn't like this movie, it's not a base villian orgin story that we expect from marvel or DC and I think many people expected that going in. The film is very uncomfortable and that's the point. At no point do you feel like the bad things Author is doing is ok, you know it's wrong but you have understanding on why this broken man is making these choices and the situations he's been forced into by predjudice and violence from an outside society. The praise for this movie is well deserved and the messages and themes are important and should be dissected. Though be really for a very bloody and intense experience.",think understandable see people wouldnt like movie base villian orgin story expect marvel dc think many people expected going film uncomfortable thats point point feel like bad things author ok know wrong understanding broken man making choices situations hes forced predjudice violence outside society praise movie well deserved messages themes important dissected though really bloody intense experience
46,timosaslanidis,"The real clowns here are the people rating this masterpiece of a movie with less than 8*. There is something really wrong in someone's head when he rates this movie with 1* like it's the worst movie ever made! Ok, we get it snowflakes, you want to feel different. Dissing this great film makes you feel good? Believe me, just stay away from reviews like that, they don't even worth a glance. See this great movie for yourselves. At the least, I guarantee you will not waste your time.",real clowns people rating masterpiece movie less 8 something really wrong someones head rates movie 1 like worst movie ever made ok get snowflakes want feel different dissing great film makes feel good believe stay away reviews like dont even worth glance see great movie least guarantee waste time
47,mamadneziiii,"W.O.W!!! What can I say about how brilliant Phoenix act performance is ?? In shortcut,movie of the year üíØ/üíØüëè",wow say brilliant phoenix act performance shortcutmovie year
48,pankajshukla-58226,The ending is what matters in a movie. And this movie has a kind of ending which would leave many speechless. It's indeed a masterpiece:),ending matters movie movie kind ending would leave many speechless indeed masterpiece
49,edwarddjuan,"I don't understand why some people find it boring when this feels like watching someone's documentar.

All you people think is just fight scenes, that's why you'll never find any substance of any other types.

Hollywood's modern superhero genre movies are seriously predictable and cliche, this movie is probably not, maybe. So, go on",dont understand people find boring feels like watching someones documentarall people think fight scenes thats youll never find substance typeshollywoods modern superhero genre movies seriously predictable cliche movie probably maybe go
50,eraldoking,"An outstanding performance by Joaquin Phoenix which completely embodies Joker's character. This is a film which people, decades from now, will be watching and inevitably will be rendered speechless by how exceptional it is.",outstanding performance joaquin phoenix completely embodies jokers character film people decades watching inevitably rendered speechless exceptional
51,alexandermaximilian-55256,"This movie is so strong and Mr Phoenix so impressive that I can nothing but pray to god and say thank you for the creation of those emotions I got watching this movie.

It is the most brutal story about (lack of) love I have ever seen. Brutally human, political and mind blowing especially in regards to the deep connection you get to a person in our society that is in so deep need of just human warmth.

The movie is a piece of art and I have rarely felt such emotions watching violent scenes.

Must see and ""must discuss""

Peace.",movie strong mr phoenix impressive nothing pray god say thank creation emotions got watching movieit brutal story lack love ever seen brutally human political mind blowing especially regards deep connection get person society deep need human warmththe movie piece art rarely felt emotions watching violent scenesmust see must discusspeace
52,danieldx-47989,"The movie was excellent and amazing, from the beginning that Joaquin's personality is seen as he evolves in the Joker until the end, Joker is the most difficult character to do and I think Joaquin did it!!",movie excellent amazing beginning joaquins personality seen evolves joker end joker difficult character think joaquin
53,pztc,"Please go watch this movie! This is the first time I've ever wrote a review on this app and I've been using it to read reviews for years! That's how good this film is. Very dark, grimy and disturbing, exactly how an origin film about the joker should be. I have no doubt it will win multiple oscars. Do yourself a favor and go see it!!!",please go watch movie first time ive ever wrote review app ive using read reviews years thats good film dark grimy disturbing exactly origin film joker doubt win multiple oscars favor go see
54,jasimnaeem-09465,Best acting and story. This is an Oscar winning movie,best acting story oscar winning movie
55,mr-faool,"The reality, far from fiction!! That what's made the movie,,, the oscar winner actor made a new joker rivalry with heath ledger joker, better joker in some people opinion.. piece of art",reality far fiction whats made movie oscar winner actor made new joker rivalry heath ledger joker better joker people opinion piece art
56,jegorstepanow,"Yesterday was that day, when I understand, that I have touched history. This movie will drag you in your deepest thoughts, in your darkest secrets and suffering. This masterpiece will grind you, like a meat grinder and you will watch it in silence and with open mouth. Like the whole cinema will. I don't like comics movie, marvel is very pompous, absurd and insipid. In my opinion. It's not an art, it's just an attraction. As DC movies was too. But now DC made history, the made art and made drama. To be more understandable. When you watch for example Avengers or League of Justice you are eating McDonald's hamburger. But when you watch Joker you are eating 1000$ stake in the most luxurious restaurant in the world.",yesterday day understand touched history movie drag deepest thoughts darkest secrets suffering masterpiece grind like meat grinder watch silence open mouth like whole cinema dont like comics movie marvel pompous absurd insipid opinion art attraction dc movies dc made history made art made drama understandable watch example avengers league justice eating mcdonalds hamburger watch joker eating 1000 stake luxurious restaurant world
57,hcalvt11,"Joker is without a doubt my new favorite DC film. It's dark and gritty but with enough psychological twists that it keeps you guessing from beginning to end. Nothing can be taken at face value and the film forces you to think from beginning to end. Don't listen to the critics, this one is worth watching multiple times in theaters.",joker without doubt new favorite dc film dark gritty enough psychological twists keeps guessing beginning end nothing taken face value film forces think beginning end dont listen critics one worth watching multiple times theaters
58,Hmnsu1994,What a legendary character and what a legendary performance by the actor. I was not able to move on from the Heath ledger performance but this movie is totally worth it. This movie deserves an oscar. It showcased the never before seen origin of The Joker himself and you will love it.,legendary character legendary performance actor able move heath ledger performance movie totally worth movie deserves oscar showcased never seen origin joker love
59,wongcalvin,"Wow I honestly gotta tell you, it's one of the best movies I've seen in years. All from the cinematography, thumping and sadden soundtrack, all the way to the OMG performance by Joaquin Phoenix, it's dark, it's evolving, twisting and wow just you can feel deep down to your bones his emotions portraying the Joker.

Just alone watching hearing The Jokers laugh is so twisty and evil and you could hear his sadness coming out from his mouth. You could hear the hours of practice just on the laugh alone and his method acting is perfectly on point along with his subtle gestures and dance that is done perfectly as the Joker should be. This movie has all the psychological twisting that made you believed and immersed into the movie, I was totally shocked and overwhelmed by everything even after I left the cinema. Just mind-blowned.

When I was watching in just now in the cinema, more than half the cinema cheered and applauded on certain scenes. And almost the entire patron stayed until the last credit. If u looked closely even Joker costume were evolving and changing from time to time based on his journey and experienced and just looked at the final and true form just looked absolutely stunning. Just the excitement and the dialogues told by The Joker is just so heart-crushing and it just made me felt so bad for the Joker, and it's the first time where I sided with the evil character or maybe he is the hero of this movie, who knows ?

Honestly, u have to watch it, it's one of the best performance u be watching in a Long time, movies like this deserves to be watched on the Big Screen, go find the best cinema in town and enjoy the wild ride of emotions and fear and anger, just satisfying!!",wow honestly gotta tell one best movies ive seen years cinematography thumping sadden soundtrack way omg performance joaquin phoenix dark evolving twisting wow feel deep bones emotions portraying jokerjust alone watching hearing jokers laugh twisty evil could hear sadness coming mouth could hear hours practice laugh alone method acting perfectly point along subtle gestures dance done perfectly joker movie psychological twisting made believed immersed movie totally shocked overwhelmed everything even left cinema mindblownedwhen watching cinema half cinema cheered applauded certain scenes almost entire patron stayed last credit u looked closely even joker costume evolving changing time time based journey experienced looked final true form looked absolutely stunning excitement dialogues told joker heartcrushing made felt bad joker first time sided evil character maybe hero movie knows honestly u watch one best performance u watching long time movies like deserves watched big screen go find best cinema town enjoy wild ride emotions fear anger satisfying
60,figachealluce,,
61,davidgibson-19224,"I am not a Batman fan nor am I particularly fond of Joaquin Phoenix, but this movie was truly exceptional. It started slow but built to a viscerally satisfying crescendo. I never thought I would be rooting for the Joker, but found that I did so throughout the movie. The Joker's pain was so palpable. I am filling out my Oscar pool card right now.

PS This movie is dark and violent and decidedly not a super hero movie. Leave the kids at home.",batman fan particularly fond joaquin phoenix movie truly exceptional started slow built viscerally satisfying crescendo never thought would rooting joker found throughout movie jokers pain palpable filling oscar pool card right nowps movie dark violent decidedly super hero movie leave kids home
62,MR_Heraclius,,
63,umghumman,"Acting, Cinematography, Music, Screenplay, Costumes, Gotham etc everything is 10/10.Oscar worthy performanceby by Joaquin Phoenix.Amazing directing by Todd Phillips & amazing cinematography by Lawrence Sher.",acting cinematography music screenplay costumes gotham etc everything 1010oscar worthy performanceby joaquin phoenixamazing directing todd phillips amazing cinematography lawrence sher
64,cooljatinbaghel,I saw this movie 2 times. It's a masterpiece. Every time I saw this this movie it made me cry and I can feel the pain of the character. joaquin performance is marvelous. In the conclusion I can say it is best movie of the dc.,saw movie 2 times masterpiece every time saw movie made cry feel pain character joaquin performance marvelous conclusion say best movie dc
65,80sHorror,"Truly a masterpiece, The Best Hollywood film of 2019, one of the Best films of the decade... And truly the Best film to bring a comic book so chillingly and realistically to real ife. Remarkable Direction, Cinematography, Music and the Acting. Some people are surprised to find it DISTURBING and VIOLENT, but it's a necessity and message. It's about society and reflects those underappreciated/unrecognized/bullied people, proving they can do something too. The way it shows class difference, corruption and how rich and talented rule others around them is not exaggerated and that's what makes it different. It's BELIEVABLE. There could be multiple JOKERs living in our society that could shake those around them in much bitter way than the film shows making people uncomforting people. Consider this a wake up call, a message, but first a film. A PERFECT film.",truly masterpiece best hollywood film 2019 one best films decade truly best film bring comic book chillingly realistically real ife remarkable direction cinematography music acting people surprised find disturbing violent necessity message society reflects underappreciatedunrecognizedbullied people proving something way shows class difference corruption rich talented rule others around exaggerated thats makes different believable could multiple jokers living society could shake around much bitter way film shows making people uncomforting people consider wake call message first film perfect film
66,Mihael-Kozina-505,"The acting, cinematography, sound design and the script itself are phenomenal. The film deserved its Oscar.

Joker deserved to be presented at Venice Film Festival, an event that regards cinema as a form of art, because this film is far from a blockbuster or a mere entertainer movie, as most films in the genre are.

It focuses on the psyche of the main character, as it slowly crumbles under the pressure of society. And thus, Joaquin Phoenix does a wonderful performance, earning almost surely a nomination at the oscars at least. It's a take on the Joker that differs from Ledger's, but I'd say that both are equally as good. The main difference might be that Ledger's joker is a rational that acts insane, while Phoenix's is insane to the root.",acting cinematography sound design script phenomenal film deserved oscarjoker deserved presented venice film festival event regards cinema form art film far blockbuster mere entertainer movie films genre areit focuses psyche main character slowly crumbles pressure society thus joaquin phoenix wonderful performance earning almost surely nomination oscars least take joker differs ledgers id say equally good main difference might ledgers joker rational acts insane phoenixs insane root
67,jjhermans-90735,"Wow, what a movie! I have to admit, When I first heard Joaquin Phoenix was going to be the joker, I was surprised. I wasn't sure how he was going to pull it off. I was hoping it wasn't going to be another cheesy rendition full of fluff and unrealistic explanations of how the Joker came to be. One where my (adult) son wouldn't have to keep nudging me to wake me up. I was pleasantly surprised on well Todd Phillips' version played and Joaquin's acting was superb. You could feel the anguish his character was going through right up to the point he lost his mind. Just an excellent, well acted movie that you almost forget is derived from a DC comic.",wow movie admit first heard joaquin phoenix going joker surprised wasnt sure going pull hoping wasnt going another cheesy rendition full fluff unrealistic explanations joker came one adult son wouldnt keep nudging wake pleasantly surprised well todd phillips version played joaquins acting superb could feel anguish character going right point lost mind excellent well acted movie almost forget derived dc comic
68,zyalahmad-35308,JOKER is a gift to the audiences. I felt as a privileged person to sit in a movie theater and watching it. Joaquin Phoenix and Todd Phillips gave to the world of cinema a rear pearl. I don't know what people are complaining about: this is really something else.,joker gift audiences felt privileged person sit movie theater watching joaquin phoenix todd phillips gave world cinema rear pearl dont know people complaining really something else
69,gatozangado,"It premiered last night in Sydney and I was lucky enough to watch this masterpiece first hand. The movie is flawless but because of its approach on mental illness and the execution of Joaquin Phoenix. The 80's settings brings a darker filter to it, creating a scenario where you see no hope for a person as the main character to survive. The movie does not praise violence and it's far from being about making the Joker a ""hero"" or him starting a movement, it's all about a man trying to find himself. Violence is what happens in between and labelling the movie as such is a misinterpretation of the picture. Also, if the movie had no reference whatsoever of the Batman universe it would work the same, it is a movie that sustains itself from beginning to end delivering frame by frame what it was meant to.",premiered last night sydney lucky enough watch masterpiece first hand movie flawless approach mental illness execution joaquin phoenix 80s settings brings darker filter creating scenario see hope person main character survive movie praise violence far making joker hero starting movement man trying find violence happens labelling movie misinterpretation picture also movie reference whatsoever batman universe would work movie sustains beginning end delivering frame frame meant
70,tukrography,"Wow, it takes a while to find the right words to describe this movie. It's different! It feels like a character study, almost like a documentary but at the same time as if you'd be watching a horror drama movie as intense as it is and realistic. It touches on mental health issues which sadly this country is struggling with but won't admit to it. This film has the best character development I could possibly think of! Now I will say this: JOKER is the last movie you'd ever want to show to kids! Not even teenagers should see this! It might be a tough one for them to see as it is brutal, bloody and might even be simply too much to handle. I saw some walk out of the theater and if you're a very sensitive person you might do the same! However, it is by far the best film and performance of the year and there's no doubt Joaquin Phoenix should win all awards for this including the Oscar! And in my opinion while it is a different take on the JOKER, this is the best portrayal of the JOKER. Go see this with an open mind, and if possibly without expectations. This will definitely spark many conversations and most likely arguments as well.",wow takes find right words describe movie different feels like character study almost like documentary time youd watching horror drama movie intense realistic touches mental health issues sadly country struggling wont admit film best character development could possibly think say joker last movie youd ever want show kids even teenagers see might tough one see brutal bloody might even simply much handle saw walk theater youre sensitive person might however far best film performance year theres doubt joaquin phoenix win awards including oscar opinion different take joker best portrayal joker go see open mind possibly without expectations definitely spark many conversations likely arguments well
71,Keyser.S,"No one cares about your country's inability to separate Reel and Real influences. Film is a medium not just for political ideals or comments.

Watch it",one cares countrys inability separate reel real influences film medium political ideals commentswatch
72,joaquinr-64300,"I can't believe that such a totally perfect and spectacular movie I just saw, I am completely stunned. This movie needs to be in the Oscars. Nominated to:

This film must be nominated for the following awards: Best movie best Actor Best screenplay Best address Best Adapted Screenplay Best soundtrack Best sound mixing",cant believe totally perfect spectacular movie saw completely stunned movie needs oscars nominated tothis film must nominated following awards best movie best actor best screenplay best address best adapted screenplay best soundtrack best sound mixing
73,stanleyquinn,Without doubt one of the best movie's that I've ever seen!,without doubt one best movies ive ever seen
74,bada-65197,"The Joker won. Absolutely tremendous, what acting skills are we talking about ? It is amazing!",joker absolutely tremendous acting skills talking amazing
75,RADIO-1S_MR-MOVIE-MAD-AMI_104-FM,,
76,boelbspam,"This Is without a doubt the best protryal of the joker, the way he slowly gets turned by society and becomes skinnier and crazier,defenanrly one of the if not the best movie of 2019",without doubt best protryal joker way slowly gets turned society becomes skinnier crazierdefenanrly one best movie 2019
77,i_like_jellycups,"A breath of fresh air

Think heath ledgers joker in taxi driver with a game of thrones like soundtrack",breath fresh airthink heath ledgers joker taxi driver game thrones like soundtrack
78,ahmad_bac,That is best joker can i see And joaquin phoenix will win the oscar,best joker see joaquin phoenix win oscar
79,bhernandez2216,"Critics have just spoken. ""JOKER"" is already the ""#1 Movie in the Whole DC Universe"". It's an ""incredible DC film to watch"", Joker is now the ""Winner Golden Lion Best Film 76 Venice Film Festival"" ""Joaquin Phoenix is Astonishing"", it's ""Exhilarating"" ""A Masterpiece"", ""A Wild Card"", ""10/10"" ""Five Stars"" and it's now the ""#1 wining Major Oscar Buzz, at the Box Office, for the Best Joaquin Phoenix's Joker"", and Todd Phillips just dominated Christopher Nolan's ""The Dark Knight"". This is why you go to the movies, and put a smile on your happy faces to enjoy.",critics spoken joker already 1 movie whole dc universe incredible dc film watch joker winner golden lion best film 76 venice film festival joaquin phoenix astonishing exhilarating masterpiece wild card 1010 five stars 1 wining major oscar buzz box office best joaquin phoenixs joker todd phillips dominated christopher nolans dark knight go movies put smile happy faces enjoy
80,jordanhuxley77,I have never been so moved by a fictional film. Truly amazing and im speechless.,never moved fictional film truly amazing im speechless
81,ryanphelantv,"Read all you like about ""Joker"" - there is nothing that will prepare you for the gut-punch to come. This is less ""The Dark Knight"" and more ""Taxi Driver"" but make no mistake, it feels like the most original take you have ever seen on a well-worn genre. It is an uber-violent character study of a mentally ill man trying to survive in a bleak society that is failing him. It is an immersive and cathartic experience, and an enthralling and uncomfortable one for the viewer.

If there is a more perfect performance than Joaquin Phoenix commands in this film, I would love to debate it. His depth and range is an acting masterclass and somehow demands empathy in a violent and disturbed character.

Todd Phillips stamps himself as a modern master with this film. The look and feel of the film has such pace and menace, yet at the same time creates a claustrophobic atmosphere.

It is a brilliant film. I hope people continue to see it as a cinematic masterpiece and it doesn't get caught up in politics or become part of a narrative of the sometimes flawed society we live in ourselves.",read like joker nothing prepare gutpunch come less dark knight taxi driver make mistake feels like original take ever seen wellworn genre uberviolent character study mentally ill man trying survive bleak society failing immersive cathartic experience enthralling uncomfortable one viewerif perfect performance joaquin phoenix commands film would love debate depth range acting masterclass somehow demands empathy violent disturbed charactertodd phillips stamps modern master film look feel film pace menace yet time creates claustrophobic atmosphereit brilliant film hope people continue see cinematic masterpiece doesnt get caught politics become part narrative sometimes flawed society live
82,kittenimdb,I'm amazed. I was shocked by how perfect Joaquin's acting was. I never imagined that I'm going too see such a good interpretation of my favorite villain. Thank you for everything!,im amazed shocked perfect joaquins acting never imagined im going see good interpretation favorite villain thank everything
83,eddie_baggins,"Whether you end up loving or hating Joker, Todd Phillip's gritty and Scorsese like take on the legendary DC comics villain, there's no denying that the cinematic comic book adaptations landscape has been changed forever.

Just as Nolan changed our expectations for what a comic book film can be with his Dark Knight trilogy, Joker's examination of the birth of a nefarious villain hellbent on chaos and anarchy is unlike anything we've ever seen before, stripping the well known character back to the bare basics as we're introduced to the sad life of the misunderstood and unloved Arthur Fleck.

Sharing more in common with dramas such as Taxi Driver and Serpico, rather than it's other comic book cousins, Phillip's and his mindbogglingly good leading man Joaquin Phoenix take us into the mind of a broken man trying to fit into a world that doesn't want to open its arms to him, in what's an engaging, cant look away character study that slowly but surely descends into a dark and uncomfortable place that befits the name and reputation of its title being.

It may seem far to early to call but I for one am confident in saying that Phoenix's full embodiment of Fleck goes down as one of the most singularly impressive acting turns of not only the decade, but all time.

Similar to what De Niro did as Travis Bickle in Taxi Driver, what Daniel Day Lewis did as Daniel Plainview in There Will Be Blood and what Pacino achieved with Sonny in Dog Day Afternoon, Phoenix commands every second of screen time he gets in Phillips dark tale, in what must surely be the biggest sure fire bet for an Oscar you could ever hope to get.

From the way in which Fleck appears physically, from a simple walk, through to a slight facial tick, right through to a haunting and hard to forget collection of haunting laughs, Phoenix appears in virtually every scene of Joker and never ones fails to enthrall, and in doing so his managed to do the seemingly impossible of allowing us to understand a deeply flawed and depraved creature but a creature you begin to understand and at times even feel sympathy towards.

For all the great incarnations of the character, it's hard to think of a better way in which the Joker could be born into existence and by bringing his own flavour and nuances to Fleck, there's no point in comparing Phoenix to Heath Ledger's iconic take on the face painted mad man, with this take a whole different beast entirely.

As good as Phoenix is, it would've only taken the film so far had Phillip's and his team not come to the party but for a relatively small budgeted film, Joker's astounding overall quality ensures it can comfortably sit in the top class of 2019 films.

It's amazing to think that this is a film from the same man that gave us Old School and The Hangover but Joker sees Phillip's grow into a whole new level with his on point direction, that fits perfectly with Lawrence Sher's eye-capturing 70's like cinematography and Hildur Gu√∞nad√≥ttir's memorizing score, giving Joker an epic and unforgettable cinematic verve that brings it's A game too match its captivating leading man.

While first and foremost a believable tale of a man pushed to the edge of his already teetering limits, Joker also manages to throw in a number of surprising narrative and comic book throwbacks that will be no doubt be discussed ad-nauseam by die-hard fans and naturally tie together Fleck's story to a much broader universe without ever feeling forced or unnatural, all within a tale that is as confronting and even topical as you'd get regardless of genre.

Final Say -

Bleak, beautiful and boundlessly inventive, led by a Joaquin Phoenix performance for the ages, Joker is an outstanding cinematic achievement that's sure to be talked about for years yet to come.

5 French Fries out of 5",whether end loving hating joker todd phillips gritty scorsese like take legendary dc comics villain theres denying cinematic comic book adaptations landscape changed foreverjust nolan changed expectations comic book film dark knight trilogy jokers examination birth nefarious villain hellbent chaos anarchy unlike anything weve ever seen stripping well known character back bare basics introduced sad life misunderstood unloved arthur flecksharing common dramas taxi driver serpico rather comic book cousins phillips mindbogglingly good leading man joaquin phoenix take us mind broken man trying fit world doesnt want open arms whats engaging cant look away character study slowly surely descends dark uncomfortable place befits name reputation title beingit may seem far early call one confident saying phoenixs full embodiment fleck goes one singularly impressive acting turns decade timesimilar de niro travis bickle taxi driver daniel day lewis daniel plainview blood pacino achieved sonny dog day afternoon phoenix commands every second screen time gets phillips dark tale must surely biggest sure fire bet oscar could ever hope getfrom way fleck appears physically simple walk slight facial tick right haunting hard forget collection haunting laughs phoenix appears virtually every scene joker never ones fails enthrall managed seemingly impossible allowing us understand deeply flawed depraved creature creature begin understand times even feel sympathy towardsfor great incarnations character hard think better way joker could born existence bringing flavour nuances fleck theres point comparing phoenix heath ledgers iconic take face painted mad man take whole different beast entirelyas good phoenix wouldve taken film far phillips team come party relatively small budgeted film jokers astounding overall quality ensures comfortably sit top class 2019 filmsits amazing think film man gave us old school hangover joker sees phillips grow whole new level point direction fits perfectly lawrence shers eyecapturing 70s like cinematography hildur gu√∞nad√≥ttirs memorizing score giving joker epic unforgettable cinematic verve brings game match captivating leading manwhile first foremost believable tale man pushed edge already teetering limits joker also manages throw number surprising narrative comic book throwbacks doubt discussed adnauseam diehard fans naturally tie together flecks story much broader universe without ever feeling forced unnatural within tale confronting even topical youd get regardless genrefinal say bleak beautiful boundlessly inventive led joaquin phoenix performance ages joker outstanding cinematic achievement thats sure talked years yet come5 french fries 5
84,bipindongol,A movie worthy of an oscar. One of the best movie in superhero genre since The Dark Knight. Phoenix is the actor who was born for this role after Ledger.,movie worthy oscar one best movie superhero genre since dark knight phoenix actor born role ledger
85,uniquefx,"I saw the movie after the opening weekend and loved it. I think it's a masterpiece. Convinced my 65 year old mother too see it, who couldn't even remember whose nemesis the Joker is. She had read about all the negative press about the movie being too violent and taking light of mental health issues.

She loved the movie. Sympathized for Arthur and was rooting for the Joker (to a certain point) She was surprised about the small amount of violence is depicted after all the press putdown and enjoyed the ""social commentary"" the movie conveys.

Her score: 9 / 10

Mom is always right.",saw movie opening weekend loved think masterpiece convinced 65 year old mother see couldnt even remember whose nemesis joker read negative press movie violent taking light mental health issuesshe loved movie sympathized arthur rooting joker certain point surprised small amount violence depicted press putdown enjoyed social commentary movie conveysher score 9 10mom always right
86,aslamlarvers,"Cause it's not a joke.

Marvel fanboy is crying right now",cause jokemarvel fanboy crying right
87,aldoheda,"How can i speak something that my feeling cant even contain.. this is truly greatness.. a movie that moved you into something that you cant describe, so stressful, painful and sorrow, depressing, twisting, and oddly beautiful. Joaquin put act to another level, and de niro just fis right as always.. enjoy every scene, because everything may not as it seems",speak something feeling cant even contain truly greatness movie moved something cant describe stressful painful sorrow depressing twisting oddly beautiful joaquin put act another level de niro fis right always enjoy every scene everything may seems
88,amim-reviews,"So it literally blew me off...phoenix has given something to cinema which was missing from a long long time!! The movie got released today, and imagine a theatre full of people (in india) and clapping during the film means it deserves every applause..",literally blew offphoenix given something cinema missing long long time movie got released today imagine theatre full people india clapping film means deserves every applause
89,raghu-xyz,"I was blown away by the script and performance. Artistic, gritty, brilliant. Oscar for Todd and Joaquin.",blown away script performance artistic gritty brilliant oscar todd joaquin
90,sushovanroyin,Joaquine phoenix's acting is just great and Todd Phillips direction and screenplay makes it even greater,joaquine phoenixs acting great todd phillips direction screenplay makes even greater
91,totalfinance,"Just go see it.. The end

Film of the year by some distance, literally breathtaking performance",go see endfilm year distance literally breathtaking performance
92,kevinshaju,,
93,stenbocken-21325,Outstanding! If DC bought and continued this arch from WB they actually could have a chance at Marvel. A little bit of Hans Zimmer and you have a hit!,outstanding dc bought continued arch wb actually could chance marvel little bit hans zimmer hit
94,banishasharma,"When I saw dark night, I thought it was the best DC universe movie but then joker came along . The acting in this film hypnotised me.",saw dark night thought best dc universe movie joker came along acting film hypnotised
95,m667,"This is the movie where the audience will like Joker but hate Thomas Wayne, Batman's father when they see how uncaring he is. This movie is going to be a classic hopefully!",movie audience like joker hate thomas wayne batmans father see uncaring movie going classic hopefully
96,yaabonline,The viewer is uncomfortable starting the first few minutes but it is necessary for the message of the movie. Very powerful and contemporary issues with sensational acting from Joaquim Phoenix.,viewer uncomfortable starting first minutes necessary message movie powerful contemporary issues sensational acting joaquim phoenix
97,jlspecht,Explains a lot and the story line moves at a good pace.,explains lot story line moves good pace
98,curascristian,"This movie is so good...the cinematography,the acting,writing definitely the best movie of 2019",movie goodthe cinematographythe actingwriting definitely best movie 2019
99,AnAverageNerd,"I want to start this review by saying i have been an avid marvel movie fan and for many years was embarrassed for DC in their attempts to catch up in the game. However, this film flipped the entire script! Marvel found a very good formula through directors such as the Russo brothers and writers such as Taika Waititi in which they combined elements of action, comedy and story to produce some very enjoyable films. Todd Phillips' take on Joker did everything right that DC films had been missing and then some. This film is not meant to give you that nice, warm feeling you feel walking out of a marvel film but to challenge your perception of society and the issues within it. It achieves this in waves and has allowed DC to achieve something marvel have lacked by suggesting the world we live in sometimes isn't worth protecting as it is. Joaquin Phoenix is of course exceptional in the role and approaches the role from a real understanding of what it entails. See this film and try not to feel anything, I dare you!",want start review saying avid marvel movie fan many years embarrassed dc attempts catch game however film flipped entire script marvel found good formula directors russo brothers writers taika waititi combined elements action comedy story produce enjoyable films todd phillips take joker everything right dc films missing film meant give nice warm feeling feel walking marvel film challenge perception society issues within achieves waves allowed dc achieve something marvel lacked suggesting world live sometimes isnt worth protecting joaquin phoenix course exceptional role approaches role real understanding entails see film try feel anything dare
